id,label
2092,other
8104,other
5821,other
8030,other
6966,other
4133,other
572,event
1595,other
6767,other
752,task
8254,other
5651,other
1057,other
8245,other
6732,other
414,event
3664,other
4606,other
1604,event
3420,other
199,other
5856,other
1264,other
2640,other
5659,other
5894,other
6995,other
1394,other
7816,other
854,event
5700,other
6108,other
3887,other
5061,other
2425,other
5456,other
6247,other
3872,other
4680,other
1918,other
740,task
5892,other
7341,other
6080,other
1198,other
4877,other
478,event
2460,other
5443,other
8358,task
3143,other
4487,other
5332,other
5322,other
2582,other
4664,other
3441,other
5758,other
7476,other
547,event
6904,other
5641,other
4571,other
7551,other
7654,other
5920,other
1317,other
5677,other
3583,other
2272,other
455,event
1127,other
5754,other
3411,other
6978,other
7479,other
6789,other
5249,other
2775,other
2809,other
5864,other
8401,task
5875,other
8428,event
6320,other
6311,other
4731,other
1532,event
378,event
670,event
967,other
2996,other
555,event
6269,other
2234,other
3291,other
8309,other
6829,other
8345,task
4978,other
5145,other
5508,other
7090,other
6745,other
6633,other
6921,other
4695,other
3309,other
1378,other
3435,other
6782,other
3762,other
3896,other
6389,other
3512,other
5501,other
2344,task
3911,other
3843,other
6674,other
3053,other
6550,other
6670,other
6575,other
3387,other
7796,other
4740,other
1298,other
3281,other
2745,other
3488,other
1401,other
770,event
5520,other
7781,other
2801,other
6785,other
343,event
4182,other
6775,other
7303,other
5588,other
3589,other
4862,other
8001,other
5611,other
6720,other
1955,other
136,other
5328,other
1690,other
3362,other
1262,other
344,event
6892,other
4171,other
7388,other
3616,other
7862,other
5339,other
1039,other
3913,other
4424,other
8349,task
3866,other
7672,other
2821,other
471,event
686,event
2221,other
3259,other
479,event
1947,other
2780,other
179,other
5706,other
1074,other
4353,other
2233,task
913,other
3932,other
7206,other
6712,other
7282,other
5390,other
879,event
5797,other
5171,other
259,other
3397,other
2099,other
7456,other
4069,other
7823,other
2893,other
6289,other
5711,other
140,other
5910,other
3711,other
3324,other
6899,task
7828,other
7256,other
7527,other
5788,other
1428,other
6055,other
7620,other
6131,other
7333,other
785,other
1698,other
5374,other
215,other
1195,other
5535,other
1566,event
8255,other
3212,other
2727,other
475,event
8312,other
6347,other
610,event
3305,other
7680,other
7746,other
3811,other
4822,other
2650,other
3979,other
7069,other
5997,other
1014,other
6972,other
7837,other
42,other
4113,other
2309,other
3047,other
6231,other
2782,other
7613,other
5384,other
7419,other
3173,other
810,other
1219,other
4414,other
5993,other
1938,other
3224,other
3557,other
5531,other
1216,other
661,event
4289,other
2892,other
8062,other
8299,other
570,event
655,event
7725,other
2793,other
8413,event
1851,other
4849,other
6260,other
8415,event
7164,other
2722,other
929,other
2724,other
2251,other
4341,other
5574,other
1512,event
3498,other
1974,other
7897,other
6127,other
1235,other
5936,other
8240,other
613,event
5623,other
6791,other
4074,other
3659,other
232,other
2567,other
5901,other
7111,other
4125,other
3061,other
3267,other
2426,task
6316,other
4294,other
272,other
3189,other
8130,other
3918,other
5763,other
4531,other
4107,other
6094,other
7064,other
5986,other
7810,other
7520,other
2486,other
3847,other
49,other
2857,other
2453,task
3594,other
8256,other
8079,other
5656,other
4293,other
5556,other
7321,other
3520,other
8332,task
4320,other
6879,other
1751,other
6702,other
4058,other
7937,other
3365,other
2557,other
6071,other
1485,other
7618,other
8307,other
4217,other
2067,other
2953,other
7563,other
3412,other
5534,other
7280,other
2571,other
5366,other
2510,other
291,other
3941,other
7923,other
104,other
7815,other
7631,other
7492,other
3871,other
6807,other
7034,other
5296,other
292,other
1741,other
5447,other
2596,other
477,event
2867,other
5029,other
5635,other
8186,other
5109,other
3193,other
6579,other
544,event
883,event
1874,other
5071,other
3338,other
6567,other
7362,other
5399,other
2827,other
2684,other
5789,other
1523,other
5606,other
505,event
6664,other
7182,other
2764,other
5759,other
426,event
255,other
6445,other
637,event
6896,other
5438,other
3864,other
3754,other
2514,other
1778,other
490,event
3221,other
7886,other
2508,other
3154,other
1526,event
2730,other
1217,other
7745,other
6270,other
6950,other
6045,other
2852,other
5814,other
7380,other
3645,other
6235,other
4055,other
4004,other
5409,other
2062,other
5716,other
2315,other
5276,other
7422,other
5714,other
5290,other
6018,other
1335,other
4781,other
7905,other
5715,other
6086,other
5802,other
2919,other
5044,other
2273,other
4619,other
6830,other
4075,other
796,event
1996,other
1311,other
3759,other
944,other
2759,other
4659,other
7428,other
2696,other
4641,other
6947,other
7025,other
5053,other
5888,other
7927,other
3299,other
2297,other
6693,other
4442,other
2232,other
3677,other
5186,other
2284,other
1481,event
945,other
2141,other
3723,other
5580,other
5769,other
674,event
8329,task
3081,other
1040,other
1064,other
2637,other
3975,other
4896,other
3715,other
2332,other
5045,other
2737,other
3333,other
3252,other
2186,other
2747,other
5013,other
5308,other
4071,other
480,event
7919,other
4286,other
6926,other
4933,other
585,event
2104,other
2378,task
5960,other
4931,other
2298,other
592,event
3578,other
8270,other
2336,other
7769,other
3128,other
6862,other
4437,other
4557,other
2551,other
4605,other
4214,other
2223,task
6180,other
5096,other
6228,other
4796,other
2144,other
3601,other
3399,other
9,other
6505,other
489,event
3775,other
4930,other
1012,other
3153,other
5795,other
3509,other
1945,other
3007,other
3646,other
6453,other
8161,other
3046,other
5279,other
6740,other
1773,other
6003,other
6162,other
6751,other
4431,other
98,other
4073,other
806,event
6988,other
6171,other
3155,other
8023,other
856,other
5393,other
5648,event
3874,other
7118,other
7241,other
3641,other
3064,other
6683,other
2115,other
3502,other
3968,other
1107,other
5173,other
4853,other
5291,other
278,other
6214,other
3877,other
436,event
180,other
3990,other
262,other
6898,other
742,task
8337,task
3490,task
5958,other
6920,other
5870,other
4886,other
2005,other
6213,other
261,other
7191,other
1093,other
5829,other
6684,other
4326,other
5257,other
5690,other
5370,other
5961,other
7615,other
3111,other
1748,other
7940,other
394,other
3366,other
4101,other
2769,other
4826,other
3369,other
17,other
5959,other
4519,other
7370,other
7194,other
325,event
6076,other
4851,other
2065,other
4721,other
6448,other
1862,other
1663,other
3620,other
7699,other
814,event
2573,other
314,other
31,other
518,event
4061,other
8113,other
8263,other
6539,other
7326,other
2926,other
4169,other
6864,other
8434,event
3667,other
5766,other
3382,other
2683,other
6335,other
8115,other
19,other
6960,other
5579,other
7861,other
2987,other
3434,other
2259,task
5101,other
121,other
7221,other
7667,other
4383,other
4852,other
4500,other
8441,event
8210,other
522,event
1747,other
118,other
7374,other
7750,other
5285,other
4539,other
5680,other
4592,other
4059,other
1959,other
4904,other
6538,other
3881,other
5985,other
5510,other
3692,other
2709,other
1419,other
1461,other
5761,other
5055,other
3121,other
6415,other
435,event
2726,other
5035,other
7094,other
6584,other
4843,other
8289,other
7223,other
2487,other
7188,other
783,other
5231,other
3571,other
4452,other
3525,other
7860,other
4516,other
4544,other
836,task
3821,other
1806,other
2303,other
6392,other
6647,other
5305,other
4642,other
6739,other
7942,other
5008,other
3415,other
1991,other
643,event
8414,event
7614,other
4135,other
1525,other
3457,other
5451,other
3085,other
4143,other
2114,other
4332,other
4417,other
5863,other
7497,other
7562,other
6933,other
8044,other
6696,other
4121,other
3180,other
6265,other
47,other
8416,event
6900,other
7834,other
4674,other
2396,task
4618,other
4378,other
6281,other
1142,other
1811,other
5338,other
5976,other
784,event
7775,other
147,other
3144,other
1694,other
3451,other
2843,other
5893,other
3500,other
6004,other
1224,other
1280,other
7009,other
3998,other
3780,other
8168,other
6251,other
1033,other
4329,other
7008,other
1243,other
3694,other
7621,other
172,other
5180,other
1980,other
766,task
2256,other
6321,other
6394,other
1250,other
297,task
32,other
5137,other
5083,other
1369,other
2546,other
7531,other
4186,other
3042,other
1596,other
6834,other
3353,other
3116,other
5543,other
4572,other
5174,other
4883,other
5287,other
6339,other
7214,other
4094,other
3217,other
4567,other
6923,other
7599,other
1931,other
778,event
4023,other
3689,other
322,event
5846,other
8110,other
8252,other
5649,event
4925,other
5867,other
4918,other
4268,other
2865,other
7669,other
3608,other
526,event
2626,other
1328,other
1246,other
2052,other
6277,other
6230,other
2199,task
2966,other
2249,task
4153,other
2939,other
7827,other
6651,other
4083,other
227,task
6717,other
3341,other
667,event
1191,other
7727,other
329,event
3409,other
6107,other
1344,other
4364,other
3906,other
3418,other
6299,other
4802,other
7736,other
3402,other
8437,event
6365,other
158,other
6130,other
169,other
5970,other
4325,event
6692,other
4096,other
1054,other
2123,other
326,event
4454,other
1820,other
5446,other
6103,other
5000,other
932,other
4444,other
8192,other
2767,other
3944,other
6481,other
3264,other
4976,other
5026,other
7896,other
7682,other
2386,other
7230,other
3658,other
2924,other
2947,other
5699,other
2578,other
7895,other
2544,other
5842,other
6119,other
4210,other
927,other
3407,other
2208,task
7903,other
5132,other
2556,other
8036,other
4088,other
7757,other
8019,other
4448,other
1562,event
7902,other
6990,other
3808,other
8039,other
7412,other
8057,other
7863,other
3814,other
3905,other
14,other
2046,other
4543,other
7510,other
1860,other
2275,other
6049,other
713,event
7885,other
7901,other
1225,other
7416,other
2731,other
7507,other
878,task
4701,other
4336,other
4077,other
8048,other
6973,other
2558,other
7748,other
5476,other
6781,other
267,task
3220,other
5283,other
5662,other
50,other
668,event
7947,other
1537,event
5905,other
8190,other
8055,other
8217,other
1817,other
5243,other
8359,task
660,event
3679,other
1324,other
8022,other
114,other
3322,other
3371,other
193,other
7421,other
2606,other
7490,other
5263,other
260,other
7007,other
5481,other
4095,other
4745,other
5455,other
4239,other
3151,other
200,event
360,event
1726,other
917,other
5389,other
851,event
6177,other
3417,other
7466,other
7137,other
4768,other
7882,other
3619,other
5284,other
4647,other
619,event
6146,other
7065,other
2100,other
6711,other
3816,other
350,event
8029,other
7970,other
5787,other
4644,other
5597,other
2457,event
469,event
1397,other
1688,other
6427,other
1019,other
5402,other
7350,other
5536,other
608,event
6000,other
6221,other
2912,other
5931,other
7175,other
3926,other
1255,other
3802,other
4375,other
1859,other
443,event
464,event
3779,other
4282,other
1175,other
8259,other
5221,other
1308,other
887,other
4892,other
7995,other
1360,other
6435,other
2039,other
80,other
2918,other
81,other
871,other
3226,other
4285,other
7561,other
4836,other
872,other
5633,other
3266,other
1769,other
1113,other
89,other
2620,other
4609,other
6783,other
1015,other
3273,other
3136,other
1739,other
5014,other
837,event
303,other
7127,other
2643,other
7916,other
7854,other
1018,other
1306,other
328,event
7133,other
310,other
980,other
5018,other
4587,other
2181,other
6157,other
831,event
3535,other
6188,other
5568,other
5943,other
92,other
4778,other
4815,other
166,other
4087,other
3167,other
6631,other
3693,other
4737,other
8017,other
6733,other
296,other
23,other
3942,other
3651,other
3236,other
5847,other
1228,other
4775,other
7822,other
5876,other
3444,other
2512,other
6123,other
2106,other
1964,other
7475,other
7735,other
5460,other
1845,other
3177,other
4864,other
7878,other
8081,other
4615,other
1301,other
1672,other
8068,other
2841,other
3978,other
3183,other
8221,other
3403,other
4188,other
1846,other
4379,other
3637,other
3957,other
4478,other
5565,other
5785,other
4486,other
4987,other
3579,other
824,event
4584,other
6903,other
1060,other
8080,other
4889,other
7392,other
7242,other
6184,other
3473,other
1574,event
4754,other
3618,other
5724,other
119,other
115,other
5090,other
1364,other
6559,other
120,other
6414,other
6869,other
5771,other
529,event
3297,other
653,event
5906,other
5238,other
3477,other
3730,other
2224,event
3334,other
3681,other
5403,other
550,event
7255,other
6620,other
7318,other
3614,other
3169,other
1245,other
7912,other
7364,other
2869,other
5628,other
3961,other
8041,other
5167,other
5630,other
6605,other
4499,other
6313,other
1782,other
5669,other
5861,other
3586,other
4876,other
1282,other
1580,event
231,other
6302,other
4466,other
7571,other
1738,other
3107,other
843,event
353,event
1049,other
8438,event
4963,other
4481,other
6721,other
3501,other
1098,other
3969,other
4141,other
3487,other
2937,other
4190,other
24,other
658,event
2570,other
4122,other
1305,other
1050,other
1132,other
8065,other
7636,other
7770,other
3572,other
7624,other
2697,other
920,other
2488,task
306,task
4885,other
1001,other
2613,other
2350,other
8222,other
6728,other
7360,other
6725,other
7855,other
1425,other
7444,other
2338,task
7345,other
965,other
4788,other
650,event
7933,other
3665,other
6232,other
8078,other
7267,other
7852,other
5269,other
1270,other
7293,other
7548,other
7701,other
1108,other
3605,other
2422,task
3279,other
7160,other
7040,other
1097,other
6237,other
5252,other
4696,other
2879,other
779,event
2509,other
4416,other
1421,other
4820,other
5582,other
6417,other
4506,other
6715,other
6280,other
2990,other
2110,other
2480,other
8381,task
2886,other
1442,other
679,event
3389,other
372,event
2112,other
7375,other
3656,other
8392,task
371,event
2173,other
2136,other
7384,other
2267,other
7663,other
86,other
1466,event
5989,other
6508,other
4917,other
5573,other
4261,other
7016,other
961,other
5087,other
3440,other
6937,other
327,event
3460,other
2550,other
77,other
4249,other
6140,other
1954,other
7657,other
1032,other
7722,other
6552,other
1906,other
4643,other
235,other
6840,other
164,other
2576,other
8200,other
7005,other
1326,other
7703,other
7239,other
2004,other
2664,other
6295,other
4427,other
2922,other
2117,other
6894,other
4345,other
3936,other
123,other
2145,other
3319,other
6601,other
2413,task
496,event
2025,other
3192,other
3522,other
2455,other
2975,other
2416,other
7976,other
5834,other
3615,other
5089,other
4145,other
66,other
5938,other
3445,other
1223,other
7514,other
1649,other
1841,other
315,other
5957,other
1166,other
6464,other
6344,other
7337,other
1020,other
923,other
6035,other
4661,other
6827,other
4005,other
615,event
625,event
5168,other
7272,other
1992,other
6836,other
7177,other
7054,other
6595,other
3129,other
2798,other
5764,other
7873,other
1655,other
4995,other
3044,other
4496,other
5146,other
4545,other
7351,other
2260,other
2301,other
410,event
4172,other
4835,other
2792,other
5054,other
616,event
6129,other
1283,other
1469,event
7101,other
6341,other
3239,other
1810,task
162,other
6803,other
3426,other
7803,other
959,other
4624,other
4306,other
7773,other
4017,other
4013,other
5778,other
3929,other
8151,other
3671,other
7797,other
2655,other
6150,other
1218,other
2434,task
4870,other
6838,other
5504,other
2738,other
1304,other
4494,other
437,event
7028,other
557,task
2832,other
3345,other
3760,other
3987,other
4371,task
2484,other
5120,other
1656,other
4585,other
5312,other
4381,other
2858,other
2694,other
2326,other
2292,other
7270,other
5275,other
2531,other
2516,event
4813,other
3592,other
2283,other
142,task
2808,other
2590,other
201,event
1025,other
7243,other
2588,other
1402,other
941,other
5552,other
797,event
144,other
8154,other
3078,other
1449,other
4024,other
7793,other
3330,other
3876,other
6031,other
2678,other
2672,other
2969,other
4174,other
37,task
6142,other
4964,other
3861,other
2027,other
7122,other
4921,other
7784,other
3186,other
2878,other
2929,other
1897,other
4868,other
340,event
3560,other
5426,other
6433,other
3364,other
6963,other
3456,other
6490,other
5253,other
1942,other
4993,other
7131,other
2354,other
7762,other
4049,other
2010,other
5469,other
5605,other
6052,other
7480,other
4858,other
6064,other
2043,other
3946,other
2335,other
1673,other
7165,other
617,event
4221,other
811,event
1154,other
2914,other
2095,other
4785,other
3815,other
5747,other
1089,other
2279,other
4012,other
2517,event
2089,other
4028,other
6026,other
3648,other
4420,other
950,other
8141,other
2294,event
7048,other
654,event
6690,other
4734,other
2403,task
4010,other
4119,other
8123,other
5590,other
6395,other
7499,other
7248,other
5585,other
1390,other
7104,other
7674,other
8265,other
5072,other
8142,other
7325,other
7234,other
5967,other
7061,other
1161,other
5471,other
6820,other
6788,other
6022,other
194,other
1703,other
4882,other
1971,other
6612,other
1808,task
4999,other
7161,other
2492,other
2981,other
4559,other
5991,other
7424,other
6441,other
902,other
2971,other
2126,other
4428,other
3789,other
1284,other
3244,other
355,event
4120,other
7728,other
7124,other
6124,other
7913,other
1104,other
5181,other
2750,other
5400,other
1213,other
352,event
440,event
3013,other
5674,other
5596,other
6309,other
7383,other
4929,other
4097,other
7363,other
6191,other
3703,other
2540,other
4599,other
3432,other
5890,other
5629,other
4093,other
4604,other
7717,other
3567,other
642,event
4909,other
3632,other
7738,other
1275,other
618,event
6056,other
8063,other
1892,other
2150,other
2853,other
1929,other
187,other
2976,other
5255,other
5078,other
704,event
1037,other
4634,other
4072,other
2291,other
726,event
4001,other
5750,other
4238,other
6588,other
2784,other
6312,other
6545,other
1896,other
7382,other
5642,other
2213,other
559,task
1963,other
4893,other
6727,other
4944,other
764,task
8171,other
7063,other
1353,other
4146,other
40,task
365,event
3825,other
6013,other
4043,other
7647,other
6564,other
4276,other
3374,other
3419,other
1471,other
7696,other
4155,other
3317,other
855,event
858,event
1470,other
4881,other
38,task
5160,other
6924,other
7130,other
3940,other
7955,other
6574,other
4365,other
6549,other
5324,other
4616,other
5304,other
4127,other
651,event
1657,other
688,event
7718,other
7652,other
8181,other
331,event
2964,other
5423,other
2180,other
5946,other
225,other
6599,other
4742,other
2993,other
4840,other
434,event
1995,other
7930,other
2268,other
4688,other
4449,other
5497,other
4173,other
5239,other
2665,other
1010,other
1441,other
6770,other
4497,other
3749,other
2474,task
5891,other
2752,other
2241,other
6639,other
4795,other
6122,other
5444,other
2430,other
4056,other
6551,other
3391,other
5807,other
5911,other
3686,other
5858,other
6723,other
3073,other
6272,other
16,other
747,task
1016,other
3902,other
5350,other
537,event
7723,other
2656,other
2523,other
6678,other
6688,other
7331,other
4233,other
7719,other
5603,other
6989,other
6058,other
5010,other
1558,event
5918,other
5881,other
1494,event
2713,other
7592,other
745,task
1923,other
4581,other
5942,other
1117,other
483,event
474,event
6208,other
6358,other
7088,other
4772,other
2216,event
7488,other
2239,other
7572,other
6330,other
2776,other
2873,other
4269,other
512,event
5854,other
6627,other
4576,other
2605,other
4841,other
6163,other
1623,event
4318,other
55,other
7743,other
3634,other
3261,other
7354,other
3993,other
4275,other
3898,other
3168,other
535,event
731,task
8018,other
1190,other
1733,other
3355,other
2493,other
1870,other
4330,other
6357,other
799,other
7329,other
2363,event
4617,other
8042,other
5281,other
6737,other
3796,other
2219,other
6256,other
4666,other
3511,other
2785,other
5770,other
1062,other
5768,other
2440,other
1569,other
5755,other
1925,other
5017,other
2151,other
2864,other
4831,other
6437,other
684,event
2410,other
8153,other
1707,other
3045,other
6568,other
4226,other
1437,other
8187,other
552,event
7220,other
2006,other
5719,other
5092,other
5583,other
76,other
5015,other
5432,other
7712,other
6916,other
1511,event
2472,other
2178,other
5572,other
1894,other
2530,other
7155,other
8015,other
3146,other
4684,other
5225,other
5082,other
2642,other
7864,other
5230,other
7286,other
4912,other
2910,other
5162,other
370,event
3135,other
1366,other
8308,other
3303,other
7710,other
2978,other
1993,other
1689,other
258,other
2134,other
4715,other
7554,other
1652,other
8160,other
287,other
5981,other
6346,other
4583,other
1900,other
3098,other
2794,other
3708,other
2811,other
3323,other
1496,other
7262,other
495,event
3437,other
3543,other
1933,other
3172,other
6758,other
3321,other
3094,other
3198,other
7884,other
3359,other
7247,other
7782,other
2799,other
4034,other
7998,other
4636,other
646,event
4021,other
6859,other
1634,event
1975,other
6097,other
5224,other
382,event
6649,other
3483,other
6397,other
5153,other
4423,other
5992,other
8146,other
2059,other
7789,other
6421,other
68,other
2829,other
7539,other
7043,other
7704,other
3720,other
1829,other
5176,other
6101,other
7525,other
3954,other
7892,other
4441,other
2894,other
7975,other
4178,other
7979,other
4450,other
5315,other
6845,other
8095,other
3113,other
3453,other
2074,other
7020,other
3416,other
1680,other
6809,other
629,event
1600,event
1878,other
5717,other
7408,other
1669,other
3960,other
936,other
1499,event
2519,task
934,other
8388,task
2960,other
2822,other
5682,other
524,event
4257,other
1625,event
8288,other
2980,other
6040,other
4283,other
6426,other
6253,other
4266,other
8051,other
7062,other
6868,other
264,other
2818,other
1181,other
7922,other
369,event
2675,other
72,other
4779,other
2444,other
3733,other
5618,other
7258,other
1757,other
3541,other
612,event
6746,other
2192,other
2361,other
4377,other
7409,other
56,other
6294,other
7906,other
1883,other
205,other
2897,other
3118,other
3606,other
7295,other
4645,task
4189,other
971,other
4027,other
257,other
2086,other
2155,other
4720,other
4961,other
4394,other
3921,other
2944,other
422,event
2470,task
7584,other
3745,other
7648,other
1794,other
8006,other
4025,other
1837,other
6500,other
8028,other
6748,other
6410,other
6945,other
1886,other
5616,other
6901,other
5577,other
5342,other
7656,other
2451,event
288,other
7266,other
4603,other
7880,other
870,event
6636,other
8227,other
2448,other
3034,other
4848,other
476,event
5813,other
7630,other
3575,other
4967,other
1527,event
5617,other
2900,other
6521,other
3074,other
405,event
8147,other
1785,other
7982,other
7184,other
5440,other
5412,other
1169,other
3562,other
2849,other
513,event
5220,other
5883,other
3342,other
841,event
6828,other
8364,task
5632,other
4809,other
3950,other
4726,other
3938,other
5177,other
74,other
5313,other
7116,other
2238,other
2716,other
594,event
5033,other
6159,other
2421,other
149,other
2214,event
2047,other
6784,other
5551,other
2372,task
744,task
5948,other
1540,event
509,event
3684,other
7550,other
4168,other
5913,other
6632,other
6120,other
4875,other
7596,other
946,other
7877,other
6502,other
470,event
3384,other
3621,other
7546,other
8176,other
229,event
5477,other
2674,other
1303,other
2757,other
3765,other
3916,other
935,other
6646,other
6666,other
5503,other
3782,other
2548,other
3052,other
7347,other
2992,other
7650,other
3734,other
7645,other
8386,task
4986,other
2973,other
3008,other
6420,other
4068,other
4982,other
6841,other
7233,other
4950,other
269,other
5922,other
8351,task
794,other
109,other
3459,other
6513,other
5210,other
7920,other
8304,other
804,event
7564,other
648,event
3514,other
3109,other
5142,other
1953,other
3726,other
2663,other
4202,other
8124,other
6381,other
4387,other
3214,other
1796,other
3014,other
4076,other
1714,other
5323,other
5154,other
8338,task
1661,other
6642,other
3284,other
450,event
3373,other
1214,other
3699,other
6913,other
7991,other
2631,other
419,event
5745,other
7641,other
3020,other
6135,other
6196,other
5273,other
7151,other
6418,other
3496,other
2856,other
5935,other
5903,other
5301,other
7581,other
4495,other
5499,other
2899,other
5581,other
300,other
5431,other
7296,other
5741,other
3856,other
5561,other
1670,other
1910,other
6079,other
1114,other
1458,other
530,event
3055,other
3534,other
4402,other
7513,other
5765,other
8257,other
1337,other
5241,other
2739,other
5493,other
2972,other
253,other
6379,other
7074,other
5784,other
2585,other
7077,other
7627,other
6808,other
5558,other
6139,other
1043,other
4673,event
6048,other
3805,other
5407,other
4037,other
755,event
1646,other
4370,other
638,event
4216,other
7361,other
549,event
5650,event
6542,other
5757,other
6787,other
3631,other
8121,other
947,other
5652,other
2679,other
6608,other
7702,other
1342,other
4780,other
3497,other
1533,other
4396,other
767,task
5523,other
564,task
7190,other
4057,other
1281,event
5233,other
138,other
1907,other
7478,other
316,task
3870,other
70,other
2938,other
2172,other
3101,other
8122,other
3854,other
5195,other
8012,other
432,event
5495,other
4108,other
8000,other
598,event
1354,other
7306,other
2773,other
1695,other
4631,other
3714,other
4897,other
2587,other
4750,other
3574,other
7093,other
2830,other
2765,other
4193,other
4970,other
5889,other
8297,other
4764,other
4231,other
4790,other
6099,other
5197,other
1776,other
2833,other
4335,other
4274,other
5217,other
2795,other
130,other
4443,other
5385,other
7435,other
5095,other
7445,other
3893,other
7889,other
7158,other
7753,other
7565,other
1587,event
6776,other
7673,other
2105,other
1389,other
1879,other
6334,other
1472,event
1034,other
7446,other
5436,other
2333,other
497,event
3039,other
7460,other
3016,other
7946,other
2113,other
3704,other
1628,event
2845,other
5203,other
1197,other
6288,other
408,event
15,other
4515,other
8394,task
6766,other
8132,other
5962,other
7106,other
6964,other
7453,other
3943,other
5753,other
826,event
7386,other
2876,other
6030,other
7963,other
1924,other
3197,other
7626,other
7588,other
5830,other
65,task
7284,other
1405,other
7965,other
7691,other
5871,other
1102,other
5128,other
7112,other
7294,other
4652,other
6375,other
7323,other
4899,other
3635,other
6351,other
6706,other
1391,other
4187,other
3425,other
6178,other
2577,other
1082,other
4086,other
5143,other
2617,other
8,other
2736,other
5823,other
6930,other
983,other
5927,other
6734,other
1184,other
6625,other
462,event
939,other
110,other
2836,other
4398,other
8410,event
6012,other
6967,other
4020,other
132,other
3289,other
3519,other
5835,other
6615,other
4400,other
302,other
602,task
2227,task
4208,other
2445,task
7759,other
3066,other
6198,other
6609,other
2612,other
151,other
3640,other
6629,other
4340,other
2666,other
5311,other
1722,other
8274,other
3865,other
5462,other
3311,other
1274,other
3688,other
1346,other
4590,other
4591,other
6239,other
3258,other
4299,other
4321,other
4829,other
733,task
5183,other
3067,other
5468,other
1456,other
463,event
8116,other
1167,other
2719,other
2956,other
6882,other
5625,other
672,event
8182,other
8127,other
4317,other
46,other
1973,other
4710,other
6185,other
3349,other
896,other
5151,other
910,other
6843,other
3880,other
577,event
4124,other
8310,other
8205,other
4474,other
4350,other
3564,other
991,other
7774,other
1395,other
5375,other
8271,other
4337,other
5533,other
3788,other
3685,other
4541,other
7156,other
3799,other
3385,other
84,other
3130,other
2928,other
6654,other
2994,other
1155,other
26,other
1403,task
690,event
197,other
773,event
6817,other
2951,other
3609,other
444,event
5615,other
3328,other
181,other
58,other
6724,other
36,other
2163,other
2051,other
8419,event
2130,other
2819,other
3429,other
6331,other
2018,other
2324,task
1373,other
8214,other
5550,other
4691,other
3486,other
6386,other
1884,other
4463,other
12,other
1705,other
3126,other
7619,other
5105,other
2802,other
1475,event
2598,other
3000,other
3910,other
3598,other
339,event
1497,event
3028,other
6290,other
665,event
337,event
1071,other
5515,other
8133,other
5872,other
2427,task
2207,other
813,task
7629,other
1607,event
1013,other
1704,other
3100,other
4156,other
1189,other
3939,other
6469,other
170,other
4873,other
5190,other
2147,other
5129,other
689,event
6527,other
133,other
5025,other
3471,other
7413,other
8418,event
2506,other
8108,other
7402,other
6274,other
3909,other
3695,other
6468,other
4462,other
1068,other
7758,other
7792,other
5206,other
8251,other
4390,other
5405,other
2985,other
7430,other
2691,other
3785,other
3813,other
8069,other
2464,other
3607,other
6593,other
6470,other
1706,other
2215,task
4920,other
2357,other
211,other
430,other
8339,task
7174,other
6977,other
3393,other
5140,other
8375,task
6172,other
1501,event
8208,other
3642,other
1966,other
6343,other
1624,event
5034,other
6255,other
2002,other
2432,other
5799,other
5354,other
4866,other
8213,other
4842,other
7225,other
2394,other
6517,other
6656,other
1021,other
2536,other
3639,other
7684,other
3344,other
2044,other
1865,other
6432,other
4109,other
6494,other
5742,other
2020,other
7120,other
1090,other
1348,other
6709,other
7096,other
3513,other
812,task
3300,other
1002,other
7450,other
3948,other
5639,other
1724,other
2187,other
1863,other
6252,other
6573,other
4046,other
2842,other
3997,other
1915,other
7980,other
6125,other
2370,task
842,event
4760,other
5201,other
782,event
1320,other
1815,other
4857,other
721,event
736,task
3668,other
1333,other
1791,other
1543,task
4936,other
7582,other
4342,other
7836,other
6484,other
3170,other
1605,other
6275,other
6005,other
4928,other
4547,other
6425,other
7484,other
8366,task
3599,other
4956,other
7658,other
5738,other
5498,other
3271,other
4455,other
4766,other
4718,other
238,other
498,event
6570,other
1711,other
2375,task
4277,other
1563,event
2565,other
4389,other
527,event
7874,other
6927,other
1967,other
6959,other
989,other
3216,other
208,other
1478,other
8114,other
7373,other
2871,other
8225,other
4412,other
4014,other
4626,other
2639,other
664,event
3945,other
1179,other
4856,other
2108,other
3340,other
5663,other
7309,other
1180,other
6416,other
6778,other
7439,other
4783,other
8086,other
3649,other
4508,other
8260,other
894,other
108,other
6686,other
2569,other
52,other
7540,other
7677,other
6226,other
7244,other
8135,other
1476,event
574,event
5973,other
609,event
759,task
7881,other
6212,other
7204,other
4850,other
4538,other
6081,other
2970,other
5254,other
1361,other
848,event
2129,other
8103,other
884,other
7485,other
912,other
1145,other
7799,other
7788,other
1848,other
4974,other
101,other
5406,other
7086,other
3833,other
6105,other
5170,other
7754,other
2322,event
3967,other
5731,other
554,event
2872,other
4846,other
2803,other
2308,other
4458,other
8436,event
4302,other
639,event
6053,other
5602,other
2387,other
8291,other
4297,other
5526,other
4694,task
3925,other
4287,other
951,other
7004,other
2070,other
2854,other
4763,other
4573,other
1642,event
1586,other
4184,other
7640,other
2513,event
4220,other
7825,other
5576,other
7772,other
2296,other
4224,other
5037,other
5675,other
6691,other
6340,other
4062,other
3410,other
7794,other
6271,other
7335,other
754,event
7817,other
5331,other
788,task
4170,other
5569,other
6006,other
5030,other
5482,other
3296,other
2889,other
1725,other
1239,other
5646,other
53,other
7176,other
3922,other
2955,other
1183,other
202,other
8206,other
7966,other
4150,other
5691,other
7482,other
506,event
1345,other
2362,task
5088,other
5046,other
5540,other
2916,other
6957,other
5068,other
198,event
274,other
6298,other
1079,other
5826,other
2029,other
8188,other
39,other
230,other
8426,event
8193,other
4225,other
4947,other
411,other
4554,other
2183,other
2182,other
2325,task
3546,other
3947,other
2170,other
6848,other
7332,other
3370,other
8284,other
1094,other
2979,other
1393,other
29,other
1383,other
3335,other
8314,other
832,event
6634,other
2699,other
5184,other
2935,other
7044,other
1650,other
2688,other
4728,other
4598,other
776,event
5527,other
4827,other
5156,other
2264,other
305,task
6017,other
4240,other
4830,other
8175,other
2075,other
481,event
6932,other
7132,other
3464,other
3958,other
5069,other
6444,other
7251,other
591,event
5586,other
1085,other
845,event
6352,other
6442,other
7751,other
2977,other
7608,other
2328,task
4298,other
2022,other
3117,other
2331,other
4386,other
6992,other
996,other
6911,other
336,event
7391,other
582,event
4579,other
8374,task
7576,other
256,other
4871,other
7285,other
4303,other
4470,other
7429,other
4142,other
2888,other
4314,other
6546,other
897,task
1786,other
1676,other
6372,other
4937,other
1077,other
1593,other
7791,other
383,event
4798,other
1372,task
1571,event
7458,other
8150,other
2156,other
7229,other
5057,other
1435,other
4983,other
6267,other
2835,other
4560,other
8046,other
6779,other
4251,other
4957,other
3593,other
5019,other
3657,other
6114,other
4181,other
7343,other
3171,other
3712,other
5009,other
2021,other
3294,other
2329,other
2003,other
3446,other
129,other
4738,other
1582,other
626,event
5117,other
3559,other
4492,other
5636,other
4165,other
3862,other
3748,other
5251,other
441,event
6578,other
3643,other
3346,other
2066,other
6201,other
8037,other
4878,other
7231,other
4000,other
2661,other
4180,other
6553,other
7092,other
6603,other
2800,other
3090,other
3251,other
5734,other
628,event
1078,other
5995,other
8402,task
4185,other
1148,other
7463,other
2756,other
6492,other
7832,other
1164,other
960,other
6518,other
6304,other
3683,other
6050,other
4446,other
1492,other
7679,other
597,event
4065,other
1700,other
2561,other
1178,other
5418,other
6996,other
5653,other
4050,other
6148,other
1983,other
1253,other
6293,other
2210,other
6582,other
3491,other
7217,other
1737,other
3625,other
5969,other
1327,other
3518,other
3633,other
1867,other
3043,other
4051,other
4704,other
2826,other
4837,other
2405,other
3249,other
4066,other
3654,other
5964,other
7057,other
1630,event
6755,other
4786,other
308,other
5099,other
2171,other
1129,other
7226,other
1833,other
1792,other
6068,other
5319,other
1880,other
6979,other
433,event
2352,other
5562,other
7179,other
5516,other
2334,event
7870,other
1110,other
3390,other
1376,other
2093,other
1047,other
6465,other
8421,event
7207,other
285,other
7381,other
127,other
4044,other
1793,other
2604,other
5041,other
345,event
2478,other
5413,other
6278,other
1869,other
3536,other
6698,other
3966,other
4209,other
1120,other
1315,other
7813,other
6814,other
7505,other
3208,other
633,event
2371,task
1717,other
428,event
1029,other
4799,other
3270,other
2718,other
1299,other
7465,other
7500,other
6408,other
6132,other
8152,other
1193,other
3147,other
7578,other
175,other
8148,other
3467,other
873,other
1072,other
348,event
3097,other
3379,other
4916,other
6587,other
5667,other
827,task
6738,other
5865,other
5056,other
6440,other
5725,other
4814,other
687,event
7365,other
3337,other
7731,other
1187,other
2840,other
3995,other
5244,other
4985,other
1363,other
1734,other
5298,other
7434,other
5524,other
1024,other
1997,other
4467,other
4806,other
1535,event
5463,other
4859,other
2347,event
7202,other
423,event
195,event
2760,other
578,event
1691,other
346,event
6878,other
568,task
6713,other
2728,other
6024,other
3413,other
2740,other
7033,other
2564,other
6891,other
3981,other
2687,other
1460,other
6598,other
6366,other
7491,other
2435,task
2320,other
3386,other
3752,other
1856,other
6360,other
5554,other
4638,other
1379,other
4654,other
7268,other
8207,other
640,event
206,other
6592,other
1030,other
7117,other
2909,other
2659,other
4176,other
6327,other
1720,other
8118,other
3002,other
8237,other
7990,other
7170,other
4167,other
4517,other
1244,other
3818,other
5521,other
4723,other
1259,other
1979,other
6342,other
5819,other
5218,other
4042,other
5599,other
6617,other
5944,other
1570,event
1951,other
4346,other
6093,other
7610,other
1653,other
8380,task
6687,other
7238,other
1260,other
1146,other
5702,other
2707,other
888,other
3983,other
429,event
793,event
3845,other
5232,other
4147,other
7989,other
7760,other
6519,other
5433,other
3886,other
7427,other
1666,other
1578,event
6556,other
1736,other
5268,other
5336,other
2040,other
5452,other
406,event
7936,other
4099,other
6350,other
4924,other
5450,other
3336,other
2048,other
5106,other
6510,other
5020,other
485,event
4959,other
5149,other
3068,other
6363,other
2813,other
4063,other
844,event
6722,other
1266,other
7376,other
5971,other
4382,other
5695,other
3972,other
955,other
7611,other
1105,other
8346,task
5126,other
7377,other
6403,other
6168,other
6987,other
2543,other
6675,other
6144,other
6046,other
7075,other
1044,other
4948,other
4252,other
5661,other
1070,other
4996,other
2384,other
586,event
4844,other
5049,other
6908,other
3408,other
7726,other
2311,event
2197,other
8189,other
6487,other
1027,other
1609,event
196,other
7900,other
1989,other
809,event
5295,other
7134,other
1056,other
3595,other
7049,other
4235,other
2630,other
458,event
5884,other
1477,event
6243,other
3508,other
3970,other
2050,other
6506,other
4130,other
6741,other
6910,other
386,other
834,task
2611,other
184,other
7676,other
4359,other
103,other
4611,other
4451,other
4295,other
543,event
5272,other
3770,other
398,event
2193,other
224,other
1278,other
7811,other
5730,other
5578,other
8425,event
4602,other
1168,other
5038,other
1009,other
7037,other
5832,other
7208,other
2837,other
4588,other
4456,other
4682,other
6210,other
7826,other
6982,other
4002,other
4960,other
7036,other
1410,other
8025,other
2649,other
1173,other
2616,other
6225,other
7798,other
3104,other
3623,other
7986,other
916,other
6283,other
4880,other
4204,other
3655,other
8278,other
6821,other
3544,other
3547,other
523,event
2999,other
1958,other
6413,other
900,other
2282,other
5387,other
2446,task
7997,other
2636,other
245,other
2723,other
7441,other
7957,other
1972,other
2669,other
1035,other
5267,other
7299,other
2589,other
2593,other
1612,other
7148,other
2293,other
3040,other
1285,other
112,other
1903,other
4468,other
4629,other
4459,other
62,other
5032,other
3563,other
449,event
2689,other
18,other
7888,other
3026,other
3367,other
75,other
1380,other
2261,task
1982,other
5676,other
8165,other
1898,other
5559,other
4765,other
1735,other
1853,other
5928,other
2132,other
3360,other
3964,other
3320,other
5933,other
8013,other
7968,other
401,event
351,event
5351,other
4735,other
7544,other
5098,other
5325,other
2080,other
8234,other
6648,other
3447,other
575,event
2376,task
1277,other
374,event
4879,other
6202,other
7787,other
1416,other
6143,other
6218,other
8196,other
8088,other
106,other
3292,other
6377,other
681,event
8137,other
1347,other
849,event
4767,other
3832,other
7833,other
562,event
3787,other
3022,other
6136,other
6032,other
45,other
1590,task
8061,other
4512,other
1121,other
5464,other
1162,other
2681,other
6759,other
3030,other
7224,other
7058,other
1828,other
958,other
5869,other
5694,other
2847,other
1664,other
803,task
2623,other
4589,other
2766,other
6207,other
79,other
5621,other
7921,other
2566,other
4502,other
5022,other
2007,other
1042,other
5356,other
2917,other
4060,other
6716,other
6454,other
3035,other
6496,other
356,event
5223,other
1059,other
2749,other
3286,other
1767,other
2913,other
1716,other
7312,other
1174,other
1140,other
5614,other
587,event
510,event
157,event
6110,other
2225,task
7336,other
88,other
3206,other
620,event
880,task
7366,other
4675,task
5097,other
8268,other
8335,task
2584,other
953,other
5868,other
5377,other
3650,other
4139,other
8411,event
1251,other
7915,other
988,other
1928,other
4047,other
2420,other
7046,other
5836,other
3248,other
1126,other
4015,other
1204,other
6731,other
1696,other
7771,other
1134,other
4748,other
6169,other
7084,other
3863,other
2638,other
502,event
3510,other
8370,task
3332,other
2012,other
4819,other
2408,event
8261,other
1336,other
1732,other
7227,other
6315,other
1240,other
7448,other
2907,other
7807,other
7876,other
3141,other
5634,other
4195,other
3290,other
7795,other
723,event
6842,other
2409,event
2017,other
5147,other
7944,other
3102,other
3127,other
317,other
8249,other
7359,other
8194,other
3476,other
3914,other
5713,other
4906,other
5804,other
2364,task
1932,other
1358,other
4534,other
2164,other
1392,other
7941,other
6613,other
2097,other
5194,other
7783,other
2318,event
3234,other
7698,other
1822,other
1157,other
2124,other
8405,task
5899,other
3454,other
6837,other
2404,task
695,event
473,event
4698,other
8047,other
6512,other
5365,other
6008,other
43,other
3931,other
6497,other
727,event
375,event
2304,other
3194,other
8294,other
8107,other
7358,other
7934,other
6229,other
5388,other
5261,other
8027,other
6195,other
3347,other
500,event
3794,other
4054,other
5613,other
2380,other
1096,other
7638,other
4681,other
7085,other
4787,other
5790,other
5282,other
6217,other
2299,other
2940,other
3875,other
1374,other
981,other
6205,other
8377,task
421,event
3493,other
7212,other
2549,other
756,event
1318,other
2863,other
3588,other
7089,other
3115,other
2263,other
3472,other
2779,other
3953,other
6306,other
1687,other
6238,other
2477,task
7665,other
5103,other
5260,other
1138,other
2442,task
4663,other
2595,other
2790,other
7545,other
8408,event
3516,other
8292,other
5121,other
3746,other
1866,other
2122,other
7908,other
413,event
5532,other
5346,other
1109,other
8195,other
5937,other
6880,other
1935,other
4,other
2781,other
4903,other
242,other
8243,other
6672,other
8179,other
948,other
183,other
4316,other
6499,other
2038,other
5987,other
1877,other
7330,other
4687,task
2327,other
1357,other
3253,other
7154,other
1692,other
2851,other
4203,other
5278,other
5076,other
1423,other
2231,task
3287,other
5475,other
6667,other
8331,task
8389,task
790,event
2310,other
234,other
8348,task
8016,other
1287,other
5110,other
7159,other
2073,other
461,event
457,event
1939,other
4633,other
5302,other
1463,event
7297,other
805,event
6905,other
795,task
1433,other
28,other
5340,other
3201,other
6826,other
3908,other
4158,other
2610,other
2539,other
3361,other
4488,other
2645,other
4100,other
7670,other
2340,other
2904,other
3230,other
6187,other
7152,other
3771,other
6999,other
2807,other
1814,other
6310,other
7389,other
3670,other
607,event
6806,other
8353,task
90,other
5851,other
865,event
2524,other
821,event
548,event
7689,other
869,event
2077,other
4992,other
7425,other
5422,other
6402,other
299,other
2998,other
3037,other
3764,other
7076,other
5485,other
2270,other
2848,other
3254,other
4872,other
2991,other
567,task
1636,event
5066,other
7898,other
6914,other
6296,other
7108,other
3590,other
1986,other
3458,other
6263,other
494,event
7918,other
8275,other
3381,other
4736,other
1667,other
7493,other
3306,other
44,other
3006,other
6112,other
7305,other
6102,other
1424,task
1436,other
1780,other
3358,other
3149,other
3994,other
4081,other
466,event
8126,other
2476,event
6662,other
8344,task
7149,other
8384,task
1970,other
5974,other
5798,other
3867,other
3986,other
1247,other
2337,other
1207,other
700,event
8372,task
5848,other
2563,other
671,event
2527,other
753,task
7634,other
4406,other
1116,other
7178,other
5801,other
7042,other
3904,other
6780,other
877,event
7405,other
3120,other
3666,other
6850,other
622,event
6638,other
5060,other
7440,other
5059,other
4491,other
1005,other
4630,other
1922,other
332,event
8002,other
333,event
7393,other
4237,other
7692,other
5368,other
2614,other
4469,other
228,other
2814,other
6958,other
4656,other
6563,other
1871,other
6192,other
5812,other
6883,other
7951,other
3138,other
8316,other
2000,other
8398,task
8362,task
362,event
4549,other
85,other
1505,other
1226,other
5189,other
3883,other
3691,other
2535,other
7000,other
8144,other
2789,other
442,task
2355,other
3428,other
1844,other
6015,other
204,other
3565,other
2777,other
3392,other
1368,other
7681,other
5457,other
2521,other
134,other
4520,other
6106,other
381,event
7081,other
3550,other
3181,other
5135,other
3644,other
1749,task
7367,other
8390,task
7503,other
6557,other
7141,other
2786,other
7668,other
889,other
2820,other
4411,other
6811,other
2965,other
5152,other
2629,other
3992,other
1868,other
3823,other
5058,other
6939,other
3523,other
5517,other
2680,other
7593,other
1779,other
1099,other
5567,other
1572,other
5666,other
5205,other
2828,other
1028,other
2176,other
5800,other
5420,other
1199,other
2286,other
6535,other
7655,other
3526,other
7981,other
143,other
2797,other
2898,other
1095,other
1774,other
273,other
4374,other
7600,other
1847,other
4196,other
5860,other
1370,other
6227,other
5886,other
7406,other
8302,other
6128,other
8400,task
739,task
1322,other
5372,other
2321,other
1797,task
1681,other
171,other
1331,other
1962,other
6193,other
968,other
5885,other
1708,other
3698,other
4922,other
1211,other
4445,other
6907,other
4045,other
7356,other
3021,other
4476,other
6242,other
3690,other
2988,other
3767,other
8285,other
4312,other
5427,other
2490,other
6673,other
8111,other
1934,task
5660,other
6023,other
8162,other
7801,other
8211,other
2708,other
4212,other
2111,other
6773,other
2101,other
5627,other
6259,other
48,other
2870,other
2647,other
2701,other
6743,other
5923,other
693,event
6286,other
6411,other
7700,other
8098,other
7706,other
4514,event
6359,other
1202,other
6301,other
6170,other
2502,other
7605,other
396,other
5934,other
3859,other
4404,other
4110,other
5723,other
5917,other
3114,other
5453,other
2545,other
124,other
7603,other
7552,other
8373,task
4435,other
1439,other
1740,other
1671,other
3903,other
3672,other
4551,other
5679,other
6044,other
4357,other
2465,other
7452,other
7533,other
5473,other
1917,other
4485,other
3613,other
1803,other
3576,other
4854,other
3573,other
1515,event
4434,other
2877,other
978,other
2036,other
4540,other
6073,other
5207,other
6572,other
7740,other
1206,other
3792,other
6485,other
4035,other
6591,other
439,event
2159,other
361,event
6986,other
6685,other
7575,other
6181,other
3455,other
4262,other
468,event
250,other
6368,other
2618,other
2125,other
710,event
298,other
7962,other
1329,other
3176,other
4215,other
4201,other
4705,other
1771,other
8011,other
8020,other
7707,other
7455,other
2958,other
4246,other
5479,other
6348,other
1294,other
3727,other
7269,other
5909,other
1872,other
4717,other
1891,task
1158,other
3836,other
4271,other
6652,other
553,event
1914,other
3018,other
7612,other
675,event
8368,task
8052,other
4558,other
2949,other
1220,other
6292,other
6526,other
3298,other
1367,other
3725,other
4621,other
1827,task
7315,other
3629,other
6626,other
7532,other
3084,other
7943,other
3494,other
5557,other
6874,other
8253,other
705,event
7146,other
4757,other
817,event
3834,other
6155,other
4946,other
538,event
2943,other
982,other
3830,other
571,event
7142,other
4484,other
7228,other
3051,other
5084,other
2091,other
662,event
7029,other
906,other
7289,other
8286,other
5696,other
176,other
4003,other
5897,other
153,other
1755,other
833,event
516,event
5169,other
4693,other
1101,other
5708,other
7489,other
2281,other
1990,other
891,task
6661,other
7259,other
1729,other
3163,other
83,other
4038,other
4031,other
895,other
8399,task
3507,other
6355,other
1480,event
6126,other
7469,other
5042,other
4596,other
6671,other
534,event
5158,other
4741,other
420,event
6216,other
1660,other
1946,other
3243,other
3228,other
1400,other
3069,other
5480,other
4473,other
2902,other
579,event
5442,other
4867,other
7851,other
3988,other
8158,other
8277,other
4067,other
2379,other
6881,other
649,event
7026,other
7829,other
6918,other
5259,other
3540,other
7423,other
20,other
7693,other
5773,other
6798,other
1139,other
2710,other
5490,other
6719,other
5513,other
7349,other
8287,other
4105,other
8223,other
6663,other
3696,other
2255,other
7556,other
289,other
1087,other
6369,other
4030,task
2359,other
7831,other
7847,other
6867,other
7504,other
5530,other
5511,other
5925,other
403,event
3075,other
3750,other
6602,other
2770,other
861,event
7516,other
1067,other
5647,other
8070,other
2306,other
6501,other
5335,other
697,event
1601,event
2235,other
8224,other
2946,other
139,other
4230,other
4860,other
185,other
7180,other
1850,other
7410,other
1764,other
6998,other
6810,other
2528,other
4770,other
956,other
6981,other
5643,other
3205,other
6614,other
5620,other
8167,other
5828,other
730,event
508,event
8323,task
3032,other
2641,other
2806,other
712,event
514,event
2034,other
3524,other
6451,other
2732,other
6479,other
71,other
4913,other
5050,other
7838,other
4724,other
2885,other
8235,other
4911,other
3807,other
852,other
2107,other
6176,other
2071,other
5668,other
1073,other
7098,other
6373,other
1413,other
7307,other
7841,other
2433,other
418,event
2140,other
8204,other
7853,other
1498,event
1055,other
1408,other
5921,other
7245,other
7278,other
7166,other
6854,other
5818,other
4433,other
7857,other
4352,other
624,event
3829,other
2226,task
1446,other
8084,other
8071,other
6476,other
221,other
3414,other
1130,other
761,task
2783,other
3057,other
7403,other
3842,other
6219,other
7274,other
249,other
1710,other
8155,other
775,event
8333,task
5904,other
3079,other
5932,other
8226,other
1339,other
6876,other
1679,other
6404,other
5805,other
1188,other
7487,other
3132,other
1685,other
4164,other
2698,other
1836,other
276,task
4533,other
6474,other
241,other
3561,other
6769,other
976,other
3700,other
2520,other
4179,other
6823,other
4041,other
7378,other
4521,other
7617,other
60,other
1835,other
8360,task
862,event
3869,other
876,event
2103,other
3087,other
5345,other
178,other
453,event
7729,other
6436,other
3793,other
5631,other
5853,other
1800,other
1407,other
6537,other
6697,other
4244,other
7763,other
4614,other
7894,other
7790,other
6694,other
7521,other
7235,other
786,event
5779,other
5415,other
1384,other
3724,other
6478,other
8073,other
5983,other
4421,other
5148,other
6284,other
7871,other
5277,other
7468,other
4627,other
6303,other
4915,other
3831,other
1468,other
6855,other
4595,other
2646,other
6388,other
2118,other
4361,other
2499,other
2120,other
635,event
8201,other
492,event
5401,event
6462,other
4040,other
5023,other
5288,other
5122,other
3977,other
7814,other
1106,other
4943,other
4923,other
7473,other
7911,other
5720,other
8198,other
1977,other
5382,other
5052,other
4453,other
4821,other
974,other
864,event
3326,other
2341,other
5179,other
4129,other
4699,other
5063,other
7501,other
3809,other
4981,other
4941,other
5115,other
3430,other
2483,event
5428,other
893,task
4608,other
5196,other
467,event
1916,other
4501,other
853,event
6423,other
5644,other
7893,other
472,event
2353,other
4369,other
7140,other
6109,other
7595,other
4016,other
2552,other
886,event
390,event
5546,other
6832,other
7195,other
4660,other
5816,other
6034,other
3743,other
7387,other
2137,other
2246,event
226,other
8327,task
6236,other
7292,other
3701,other
6391,other
4509,other
857,event
720,event
3542,other
7348,other
207,other
404,event
6189,other
7459,other
3795,other
1026,other
3841,other
7483,other
4440,other
6323,other
2468,task
1637,other
7977,other
6199,other
632,event
904,other
5655,other
2572,other
7856,other
2330,other
6884,other
8005,other
3824,other
2383,other
5637,other
599,event
3343,other
6285,other
5678,other
7935,other
2391,other
1524,event
6161,other
5587,other
6818,other
1289,other
892,other
2501,other
5188,other
2278,other
2983,other
2274,other
4248,other
6658,other
2300,other
2158,other
209,other
7523,other
3462,other
286,other
7651,other
6111,other
938,other
3973,other
7449,other
963,other
5673,other
3840,other
7316,other
1022,other
8409,event
5748,other
7926,other
4104,other
6822,other
5362,other
7197,other
7079,other
6498,other
4126,other
1599,event
3891,other
3175,other
275,other
1295,other
3395,other
5843,other
7072,other
2625,other
1961,other
6936,other
6480,other
5307,other
73,other
4671,other
6757,other
5608,other
611,event
4036,other
243,other
6866,other
735,task
1045,other
1276,other
5247,other
5202,other
1215,other
2063,other
1881,other
2443,task
6975,other
6934,other
1310,other
5065,other
2454,task
1909,other
4117,other
2079,other
930,other
8404,task
3882,other
3517,other
669,event
5364,other
6600,other
8306,other
6027,other
4351,other
2846,other
3302,other
6345,other
7984,other
3756,other
6428,other
2169,other
2393,other
4250,other
6248,other
3443,other
4255,other
1447,other
8045,other
3597,other
7555,other
6561,other
8143,other
8102,other
7635,other
3091,other
6028,other
7119,other
4657,other
1234,other
5600,other
3088,other
3103,other
5672,other
2862,other
1712,other
7328,other
21,other
922,other
2461,event
4991,other
2397,task
7715,other
1640,event
4769,other
4489,other
5073,other
5491,other
3331,other
8403,task
3282,other
6016,other
605,event
2984,other
364,event
5529,other
2559,other
3184,other
5709,other
177,other
4160,other
3468,other
7628,other
5348,other
4245,other
4803,other
239,other
3738,other
4310,other
2143,other
5665,other
3182,other
6115,other
3530,other
3604,other
446,event
698,event
2042,other
6033,other
5192,other
7334,other
3980,other
5541,other
6949,other
3461,other
3751,other
2654,other
1804,other
2411,task
3920,other
2174,other
6747,other
7275,other
460,event
7988,other
1362,other
1233,other
280,other
966,other
8050,other
3250,other
2768,other
1236,other
5929,other
2348,task
1662,other
1209,other
6994,other
277,other
4439,other
4722,other
7379,other
2191,other
3860,other
4966,other
4078,other
4229,other
6457,other
1340,other
4053,other
4662,other
3495,other
4256,other
2568,other
985,other
1647,other
2941,other
5772,other
4490,other
1434,other
4637,other
1968,other
729,event
3059,other
5776,other
7150,other
1232,other
6085,other
4932,other
2243,other
358,event
6774,other
4709,other
7785,other
4048,other
1242,other
3974,other
6223,other
1882,other
1840,other
5048,other
4227,other
2131,other
4280,other
3012,other
4026,other
3739,other
7948,other
3761,other
3463,other
4008,other
2660,other
1952,other
531,event
4019,other
3185,other
4284,other
3982,other
7414,other
3855,other
4968,other
4355,other
8355,task
2948,other
7974,other
4535,other
5907,other
1279,other
2248,other
2220,other
5492,other
6116,other
8007,other
6622,other
1743,other
4563,other
3915,other
7271,other
3086,other
7721,other
8431,event
3705,other
4206,other
3928,other
7587,other
3058,other
4415,other
5545,other
2952,other
8283,other
4789,other
6944,other
8166,other
7686,other
2149,event
2138,other
2201,other
2507,event
4161,other
7279,other
2424,task
2954,other
3137,other
1756,other
7018,other
174,other
1426,other
2121,other
3285,other
3851,other
5880,other
3076,other
3810,other
7163,other
8324,task
6801,other
4900,other
59,other
7254,other
4301,other
1789,other
909,other
2382,other
5349,other
1386,other
7322,other
7983,other
6606,other
673,event
694,event
6929,task
5369,other
680,event
3191,other
2685,other
6113,other
2628,other
8128,other
7766,other
606,event
2932,other
251,other
2076,other
885,task
990,task
937,other
3736,other
1036,other
7,other
8033,other
1893,other
4800,other
3955,other
3225,other
8244,other
2463,task
7714,other
2428,task
3907,other
2135,other
3019,other
7709,other
342,event
6507,other
972,other
2316,event
4409,other
5693,other
5803,other
4175,other
3885,other
3737,other
3015,other
266,other
757,event
542,event
6577,other
724,event
604,event
5329,other
6623,other
1541,other
1517,event
6438,other
1417,other
6409,other
6220,other
3274,other
4553,other
163,other
1873,other
7695,other
1222,other
5430,other
7097,other
7400,other
2212,event
2244,task
3991,other
8301,other
5062,other
2449,other
2936,other
7001,other
7768,other
4597,other
751,task
1937,other
1746,other
5538,other
7805,other
839,event
501,event
994,other
2161,other
5299,other
1668,other
5472,other
1430,other
2085,other
3636,other
1920,other
1455,other
5414,other
4479,other
1388,other
3717,other
1411,other
8298,other
486,event
5027,other
7910,other
3617,other
3585,other
7167,other
1522,event
5698,other
7324,other
7126,other
678,event
7397,other
4373,other
8420,event
5280,other
427,event
4997,other
3218,other
614,event
5358,other
3231,other
2497,event
1930,other
1238,other
3624,other
2503,other
3092,other
8075,other
4138,other
2844,other
4144,other
2064,other
7800,other
7697,other
2481,other
4272,other
7609,other
25,other
1677,other
7511,other
7010,other
3556,other
3897,other
4828,other
3781,other
3774,other
3772,other
2603,other
1396,other
3265,other
3380,other
7012,other
334,event
1263,other
5136,other
3527,other
5363,other
4279,other
7899,other
7524,other
1514,event
5859,other
2812,other
5849,other
2725,other
5274,other
4253,other
2203,other
5916,other
2339,other
1257,other
7868,other
1122,other
5949,other
6096,other
5131,other
4503,other
5537,other
4884,other
541,event
5208,other
2580,other
6364,other
2295,other
8109,other
4575,other
1985,other
97,other
1702,other
748,task
8085,other
2686,other
6300,other
3558,other
6100,other
584,event
6540,other
5850,other
5727,other
3755,other
7173,other
7355,other
6943,other
1399,other
4952,other
5198,other
4940,other
323,event
3070,other
3247,other
5079,other
3060,other
6424,other
515,event
4548,other
2388,task
2054,other
6268,other
2001,other
4755,other
416,other
1686,other
3276,other
2417,task
6956,other
2880,other
2644,other
2349,task
3602,other
969,other
5979,other
4504,other
5866,other
4593,other
6993,other
5951,other
5458,other
3099,other
2360,other
7744,other
7809,other
6754,other
1053,other
304,other
3505,other
829,task
2778,other
5692,other
2429,other
5077,other
2485,other
6863,other
5127,other
2495,event
5999,other
4413,other
6833,other
3800,other
3125,other
2489,other
125,other
5528,other
4296,other
4818,other
6835,other
4311,other
6853,other
1296,other
4676,other
2165,other
1987,other
1309,other
3582,other
4418,other
6066,other
2903,other
5441,other
6329,other
7277,other
7218,other
5193,other
3577,other
7114,other
1444,other
4565,other
5227,other
3314,other
7023,other
2032,other
6314,other
6088,other
2055,other
1316,other
5004,other
2365,other
6594,other
6786,other
8412,event
1585,event
5707,other
2346,other
3452,other
8034,other
7426,other
2019,other
5317,other
7777,other
1849,other
890,other
8393,task
4712,other
8185,other
8125,other
4372,other
7300,other
126,other
5762,other
4408,other
4344,other
565,task
3566,other
5980,other
2695,other
2995,other
6477,other
6703,other
5919,other
1221,other
7519,other
7844,other
5786,other
1137,other
8347,task
3976,other
7812,other
6621,other
1272,other
4562,other
5820,other
4052,other
4405,other
708,event
1432,other
6708,other
7842,other
4751,other
1268,other
8134,other
7848,other
1046,other
2400,other
6543,other
6014,other
6137,other
7099,other
4622,other
3174,other
3263,other
8317,other
6735,other
1119,other
6935,other
2791,other
838,event
2712,other
8149,other
7642,other
7839,other
1528,event
7749,other
4569,other
2591,other
5873,other
5780,other
7909,other
4116,other
2933,other
3310,other
5732,other
5955,other
6701,other
2242,other
1902,other
6547,other
2997,other
3312,other
5321,other
3952,other
5737,other
3433,other
1273,other
819,event
2608,other
986,other
4438,other
942,other
1960,other
1252,other
7890,other
5240,other
8096,other
8117,other
5877,other
5683,other
1948,other
1334,other
4151,other
5852,other
5733,other
4625,other
5007,other
7967,other
6689,other
1765,other
1365,other
389,event
5411,other
30,other
6650,other
2579,other
2652,other
2009,other
4646,other
122,other
7055,other
3041,other
409,event
2277,other
6158,other
4955,other
6831,other
3985,other
6644,other
6406,other
5212,other
2475,task
2078,other
5005,other
7437,other
6952,other
318,other
7066,other
6254,other
417,event
96,event
1406,other
8021,other
7849,other
415,event
5752,other
707,event
399,event
1852,other
7586,other
621,event
1976,other
6167,other
6744,other
3442,other
1857,other
1004,other
4457,other
5250,other
3388,other
728,event
5781,other
4782,other
8140,other
7931,other
182,other
3783,other
962,other
5067,other
159,other
3474,other
4759,other
2774,other
4935,other
3678,other
2419,other
6291,other
6514,other
2196,event
3439,other
7171,other
7690,other
4753,other
5681,other
5751,other
367,event
5571,other
5371,other
2850,other
6233,other
715,event
3351,other
596,event
5320,other
7914,other
1123,other
4887,other
1007,other
1355,other
6961,other
1192,other
2635,other
5915,other
1821,other
8064,other
5360,other
3401,other
4816,other
4162,other
4384,other
5767,other
6261,other
4536,other
5112,other
7352,other
8305,other
3984,other
7457,other
189,other
3956,other
3427,other
1415,other
5138,other
5039,other
3912,other
1654,other
4890,other
4901,other
8233,other
281,other
5435,other
131,other
1913,other
1429,other
1561,other
203,other
167,other
6057,other
160,other
2058,other
3071,other
3470,other
3971,other
6875,other
2583,other
1598,event
4211,other
1761,other
3478,other
6948,other
5494,other
4749,other
6244,other
8300,other
4891,other
1807,other
320,other
8293,other
850,event
4580,other
6082,other
2028,other
5539,other
2202,task
7183,other
2082,other
3423,other
3139,other
2053,other
8159,other
7558,other
295,other
7932,other
4395,task
6871,other
525,event
8072,other
3031,other
2860,other
6890,other
576,event
3924,other
3515,other
2462,other
8183,other
217,other
3838,other
1575,event
5107,other
8313,other
3673,other
5410,other
7720,other
3584,other
4623,other
2911,other
1675,other
2068,other
3580,other
5172,other
3339,other
1359,other
816,event
7265,other
2714,other
1313,other
6805,other
8367,task
6928,other
3354,other
5726,other
964,other
4613,other
1229,other
2742,other
2522,other
2439,other
5855,other
6074,other
1286,other
5950,other
926,other
6461,other
3846,other
1041,other
3211,other
3307,other
8406,event
4555,other
2473,other
6297,other
359,event
6515,other
1576,other
1382,other
7143,other
2974,other
8357,task
1454,event
5344,other
4776,other
1998,other
222,other
3479,other
2896,other
7733,other
2414,event
4655,other
1701,other
975,other
34,task
2184,other
6534,other
3301,other
7298,other
573,event
5793,other
2015,other
3196,other
5736,other
5166,other
5712,other
792,event
2175,other
1721,other
6974,other
4777,other
7747,other
4254,other
402,event
5359,other
1292,other
2704,other
1011,other
2586,other
1352,other
8387,task
1798,other
6447,other
5977,other
5984,other
4354,other
4817,other
4232,other
4792,other
725,event
3357,other
5990,other
4834,other
7153,other
5047,other
4199,other
4962,other
3238,other
3003,other
8311,other
3005,other
6152,other
1420,other
1518,other
7529,other
6581,other
1080,other
5898,other
400,event
1927,other
4429,other
8318,other
7996,other
4300,other
7557,other
1048,other
1052,other
7257,other
8336,task
2963,other
7845,other
2925,other
7585,other
915,other
5612,other
6396,other
7368,other
1,other
3325,other
3741,other
263,other
3106,other
3083,other
265,other
603,event
5297,other
6655,other
6583,other
2240,other
4264,other
7752,other
5548,other
6175,other
6069,other
8356,task
1824,other
1969,other
4679,other
3150,other
7172,other
6660,other
6234,other
4114,other
1745,other
4550,other
5086,other
4426,other
3798,other
2553,other
2305,other
5514,other
8423,event
7824,other
192,other
5645,other
4965,other
2741,other
8139,other
1457,other
802,event
69,other
6847,other
7418,other
2033,other
6430,other
8173,other
6718,other
2906,other
445,event
993,other
8238,other
2817,other
3895,other
8326,task
5159,other
6790,other
3828,other
2921,other
2653,other
5822,other
7486,other
1801,other
3934,other
5792,other
6794,other
312,other
511,event
4460,other
5002,other
493,event
2554,other
6449,other
3122,other
3308,other
2959,other
8092,other
3157,other
6084,other
2479,other
6002,other
191,other
5134,other
1203,other
7644,other
8407,event
6590,other
3119,other
1730,other
4089,other
2884,other
898,other
2368,other
447,task
2127,other
4331,other
6909,other
376,event
377,event
4700,other
5953,other
4356,other
734,task
5840,other
8429,event
4902,other
6524,other
5235,other
8376,task
2968,other
5930,other
1467,other
5292,other
8440,event
905,other
2735,other
2700,other
1008,other
4845,other
2496,event
8315,other
5496,other
7210,other
7288,other
7577,other
995,other
8228,other
791,event
7394,other
521,event
7960,other
1230,other
7907,other
6607,other
7219,other
2024,other
8094,other
1375,other
7283,other
2407,task
7071,other
1092,other
5467,other
4542,other
7866,other
1941,other
7470,other
3549,other
7260,other
6249,other
7580,other
244,other
2049,other
5735,other
368,event
4689,other
4137,other
3062,other
7261,other
5506,other
7662,other
696,event
6857,other
3089,other
8157,other
347,event
7215,other
2908,other
3190,other
8091,other
6877,other
1248,other
5900,other
5775,other
987,other
7415,other
5896,other
3054,other
7804,other
1858,other
3827,other
5064,other
6624,other
2515,event
6471,other
1118,other
2505,other
7200,other
4719,other
6893,other
5542,other
2167,other
760,task
545,event
2319,task
8276,other
4607,other
3627,other
6463,other
2734,other
6571,other
1912,other
3553,other
271,other
7369,other
6495,other
3093,other
5326,other
6858,other
7477,other
7566,other
5638,other
6422,other
4861,other
5248,other
6429,other
4793,other
823,event
5165,other
3937,other
8059,other
2920,other
4218,other
2504,other
4972,other
1231,other
1665,other
8334,task
6328,other
6276,other
8058,other
3820,other
6839,other
7724,other
5591,other
3894,other
4518,other
5386,other
6010,other
5610,other
2013,other
1258,other
4281,other
4192,other
2541,other
6682,other
6356,other
2262,event
4570,other
7739,other
6768,other
148,other
6749,other
2342,other
3202,other
5740,other
3933,other
7730,other
1377,event
3246,other
4747,other
1381,other
3235,other
701,event
5397,other
1066,other
1271,other
1823,other
546,event
5912,other
7716,other
768,task
3638,other
8369,task
237,other
2986,other
293,other
5619,other
3215,other
2254,task
581,event
8077,other
5484,other
979,other
7925,other
6897,other
319,other
4714,other
6483,other
3199,other
6503,other
4727,other
1895,other
3923,other
5998,other
4612,other
1633,event
5703,other
2574,other
4804,other
2247,other
4908,other
117,other
8076,other
4011,other
5091,other
7846,other
2133,other
395,other
711,event
1431,other
5689,other
4522,other
51,other
2711,other
6104,other
5016,other
3611,other
173,other
641,event
2693,other
2190,other
7765,other
6282,other
3049,other
5357,other
1200,other
6384,other
4319,other
8422,event
4328,other
3713,other
2923,other
1890,other
709,event
2189,other
7494,other
5947,other
4732,other
3747,other
7431,other
8290,other
7390,other
5474,other
379,task
5941,other
5844,other
7344,other
771,event
1583,other
161,other
1988,other
4207,other
7972,other
1936,other
2838,other
5182,other
1412,other
6009,other
6849,other
5392,other
7939,other
1713,other
5416,other
7138,other
6902,other
6772,other
6730,other
6586,other
7420,other
1088,other
4112,other
2825,other
6279,other
3376,other
5003,other
1602,other
3716,other
385,event
488,event
188,other
4610,other
4032,other
3475,other
6029,other
3108,other
4894,other
5214,other
1319,other
3245,other
3647,other
8350,task
820,task
8131,other
4260,other
1919,other
580,event
220,other
6611,other
7168,other
363,event
6439,other
8138,other
7606,other
8035,other
4131,other
3368,other
6946,other
4322,other
2787,other
1086,other
3628,other
2592,other
943,other
1788,other
2057,other
8340,task
2230,other
392,other
6266,other
4744,other
1770,other
2788,other
1516,other
1149,other
2452,task
3219,other
366,event
1887,other
4347,other
4177,other
8040,other
2035,other
3499,other
7496,other
7776,other
8231,other
5604,other
6473,other
6844,other
1981,other
4334,task
4577,other
7820,other
7678,other
4686,task
532,event
1718,other
1176,other
6098,other
7567,other
6760,other
2706,other
8341,task
7830,other
4103,other
7481,other
4085,other
7047,other
4716,other
2532,other
7185,other
732,task
1502,other
2945,other
4205,other
2682,other
863,event
659,event
691,event
8273,other
6679,other
560,event
5687,other
3152,other
6489,other
7570,other
6919,other
4115,other
1208,other
3729,other
3010,other
5043,other
3674,other
663,event
6317,other
2056,other
6886,other
3406,other
5570,other
540,event
6019,other
924,other
2594,event
3776,other
2796,other
1683,other
6051,other
769,event
4526,other
4191,other
2345,other
4419,other
921,other
1784,other
2609,other
4123,other
7313,other
4152,other
5141,other
6378,other
2069,other
3024,other
600,event
7639,other
7371,other
4461,other
6240,other
7666,other
749,task
1152,other
5341,other
6991,other
5,other
2438,task
5429,other
3283,other
5310,other
4953,other
5811,other
7135,other
7287,other
7031,other
1323,other
3161,other
7091,other
5626,other
7598,other
2084,other
7022,other
7080,other
1648,other
1291,other
2302,event
2157,other
4824,other
3719,other
4397,other
7252,other
3318,other
7121,other
6802,other
6087,other
1899,other
3048,other
311,other
2602,other
393,other
593,event
4111,other
2128,other
8248,other
682,event
7994,other
11,task
8056,other
3295,other
6,other
2395,task
3162,other
6179,other
6349,other
2252,task
482,event
4561,other
128,other
282,other
7013,other
5975,other
1006,other
8199,other
105,other
6382,other
4653,other
5575,other
722,event
2575,other
3469,other
5334,other
822,event
7404,other
6637,other
6816,other
87,other
6669,other
6431,other
5994,other
7601,other
5353,other
7950,other
6912,other
6771,other
4338,other
3489,other
2392,other
774,event
8172,other
2755,other
1651,other
7353,other
2534,other
4183,other
3242,other
7802,other
3548,other
692,event
7741,other
4833,other
210,other
2102,other
5461,other
5564,other
3080,other
3740,other
5686,other
3822,other
6707,other
1787,other
6797,other
7162,other
7985,other
2179,task
7737,other
4832,other
2456,other
1742,other
4407,other
3404,other
2154,other
6118,other
7147,other
6681,other
1682,other
911,other
6075,other
7395,other
41,task
5191,other
5783,other
4128,other
2942,other
533,event
1003,other
5454,other
6800,other
5175,other
4464,other
8352,task
5289,other
5593,other
1254,other
6182,other
1949,other
7002,other
7538,other
5408,other
6318,other
5954,other
6054,other
1160,other
1464,other
4242,other
8229,other
1956,other
7869,other
5219,other
4771,other
1256,other
2072,other
8397,task
4984,other
2194,other
1237,other
5607,other
8361,task
1629,task
6174,other
6090,other
2271,other
7664,other
7904,other
2761,other
3481,other
3757,other
5749,other
3742,other
2083,other
6332,other
5988,other
3352,other
6795,other
6705,other
6245,other
7675,other
765,task
595,event
6700,other
8087,other
6641,other
1818,other
5383,other
5519,other
3669,other
8435,event
6925,other
3372,other
7129,other
5563,other
6333,other
3,task
2748,other
6186,other
7646,other
2116,other
4098,other
7756,other
5379,other
7786,other
4403,other
6915,other
6362,other
5833,other
551,event
2204,other
6133,other
1182,other
2236,other
1744,other
6472,other
7102,other
1083,other
4410,other
7732,other
6038,other
5841,other
520,event
4159,other
5294,other
5367,other
3769,other
1503,other
2343,other
4392,other
6536,other
1839,other
5825,other
2209,other
1038,other
7569,other
5157,other
5327,other
8178,other
7649,other
7806,other
3653,other
3919,other
2317,event
8097,other
5437,other
6063,other
1205,other
424,event
2096,other
61,other
7954,other
7103,other
2729,other
6659,other
4938,other
5070,other
5902,other
7535,other
718,event
8067,other
3873,other
2529,other
8120,other
1825,other
3131,other
6493,other
2026,other
2962,other
7865,other
8008,other
1768,other
223,other
2667,other
5756,other
6509,other
3661,other
1957,other
1075,other
2890,other
5486,other
1474,event
5200,other
2373,task
7216,other
4380,other
3529,other
5697,other
3630,other
5185,other
1185,other
6250,other
7471,other
4980,other
780,event
6241,other
3275,other
7622,other
6643,other
94,other
6635,other
8004,other
6459,other
6544,other
3011,other
5965,other
6025,other
8180,other
3038,other
2702,other
7030,other
4070,other
4658,other
6443,other
1772,other
5817,other
2041,other
6562,other
6466,other
4385,other
3485,other
1307,other
8432,event
8279,other
3532,other
8197,other
391,event
4632,other
3951,other
5330,other
6604,other
4483,task
1603,task
5478,other
7685,other
2622,other
3697,other
3844,other
7310,other
3963,other
5286,other
7518,other
6985,other
1249,other
583,event
5718,other
7273,other
4393,other
4157,other
3200,other
1483,other
3965,other
2772,other
1799,other
3930,other
5075,other
6865,other
1904,event
2597,other
5222,other
3539,other
5555,other
4988,other
4033,other
2634,other
3450,other
3768,other
5318,other
6183,other
4505,other
7045,other
82,other
3999,other
6455,other
2162,other
6322,other
2253,event
3587,other
13,other
6387,other
6456,other
1051,other
4305,other
1843,other
6194,other
1196,other
3817,other
1826,other
4979,other
2088,other
931,other
1462,other
2168,other
5116,other
212,other
1387,other
4363,other
8099,other
7187,other
7398,other
5594,other
438,event
7451,other
7517,other
4713,other
4838,other
914,other
3105,other
2816,other
5777,other
1978,other
4291,other
8430,event
1081,other
3350,other
2423,other
867,other
6860,other
519,event
3313,other
7778,other
6799,other
6475,other
1864,other
8280,other
7032,other
2418,other
2269,other
3835,other
5685,other
1302,other
3229,other
6616,other
7734,other
6354,other
5815,other
4746,other
2901,other
2762,other
1885,other
2250,other
4148,other
6819,other
2200,event
6458,other
4241,other
7579,other
3899,other
4914,other
6200,other
5743,other
6041,other
5978,other
1834,other
4949,other
373,event
5118,other
6938,other
3710,other
868,other
3222,other
5114,other
6222,other
4039,other
6940,other
1552,task
4725,other
4865,other
539,event
451,event
4537,other
2868,other
141,other
3600,other
7929,other
970,other
7687,other
7186,other
1023,other
2218,event
2153,other
4149,other
4154,other
818,task
5544,other
6872,other
3675,other
5108,other
4945,other
7083,other
6824,other
949,other
5258,other
4524,other
2754,other
7705,other
7949,other
2023,other
569,task
645,event
152,other
5265,other
798,other
425,event
8378,task
4477,other
1659,other
738,task
3962,other
2859,other
6393,other
8101,other
7616,other
4733,other
4348,other
1940,other
3687,other
6980,other
4954,other
5796,other
2276,other
7993,other
1610,event
3356,other
588,event
4200,other
6704,other
5827,other
8427,event
2771,other
6763,other
6895,other
7311,other
1581,event
925,other
1000,other
4650,other
2237,other
7808,other
3849,other
6091,other
997,other
8010,other
6325,other
3506,other
6968,other
6405,other
1061,other
5404,other
6206,other
7945,other
954,other
6756,other
3033,other
4006,other
4582,other
2288,other
4939,other
7528,other
6258,other
487,event
233,other
6062,other
8385,task
750,task
380,event
3857,other
7958,other
4324,other
5293,other
3160,other
484,event
7198,other
8281,other
6307,other
7938,other
957,other
6326,other
1728,other
6486,other
8220,other
2632,other
3178,other
64,event
7314,other
5266,other
1754,other
2831,other
8417,event
5509,other
2533,other
4132,other
4140,other
5271,other
8060,other
8328,task
2657,other
4106,other
3989,other
2562,other
6558,other
3255,other
787,task
4447,other
828,task
1267,other
714,event
5500,other
6576,other
6482,other
6383,other
7052,other
5952,other
2401,other
6095,other
5857,other
6555,other
7447,other
4977,other
1521,other
5760,other
5657,other
6338,other
6072,other
8014,other
2599,other
214,other
6324,other
3791,other
1905,other
1459,other
6209,other
3164,other
2366,other
3959,other
4620,other
2351,other
5001,other
5729,other
5226,other
5434,other
2447,other
3431,other
165,other
5887,other
7095,other
6729,other
2466,task
7591,other
7060,other
7253,other
4007,other
2467,event
150,other
7401,other
7573,other
7534,other
6061,other
6021,other
6092,other
928,other
4697,other
7597,other
7547,other
4163,other
309,other
7027,other
4729,other
1144,other
3763,other
7201,other
4685,other
2494,other
7128,other
6523,other
7041,other
4243,other
5100,other
7708,other
6941,other
4366,other
4907,other
4566,other
6117,other
6657,other
1133,other
135,other
5968,other
4910,other
246,task
2374,task
7779,other
7840,other
6969,other
7059,other
3884,other
4313,other
5684,other
6851,other
3004,other
1314,other
6407,other
7509,other
4708,other
2307,other
3848,other
6001,other
6668,other
27,other
6529,other
4511,other
7643,other
801,event
3436,other
1479,event
1171,other
3889,other
324,event
5728,other
4064,task
7767,other
3213,other
5113,other
2148,other
4811,other
5505,other
4774,other
3949,other
5658,other
8024,other
3850,other
7015,other
6145,other
7038,other
4773,other
5609,other
2743,other
3293,other
5882,other
6580,other
1842,other
3521,other
8156,other
2258,other
4234,other
5926,other
2957,other
7594,other
4990,other
3554,other
3732,other
1124,other
2633,other
4292,other
5810,other
1693,other
5566,other
1351,other
6367,other
737,task
4228,other
2883,other
830,event
743,task
4194,other
998,other
1065,other
2323,event
5502,other
1567,event
5483,other
1261,other
6917,other
8319,other
4692,other
2651,other
6398,other
3735,other
5155,other
3753,other
6619,other
7742,other
4308,other
899,other
7327,other
8163,other
1440,other
846,event
1921,other
1639,event
3722,other
4758,other
5489,other
2733,other
7536,other
2648,other
1551,event
8424,event
5824,other
5963,other
561,event
7671,other
6569,other
5133,other
1854,other
2198,task
7073,other
3257,other
7115,other
7017,other
3448,other
1170,other
95,other
627,event
2658,other
2431,other
5376,other
7399,other
7867,other
6566,other
6753,other
5333,other
1356,other
8303,other
1058,other
4465,other
5373,other
1819,other
4895,other
8282,other
7632,other
8247,other
6380,other
1752,other
835,other
3568,other
8396,task
2358,other
7574,other
5598,other
6434,other
772,event
528,event
7211,other
4703,other
111,other
8433,event
3237,other
1591,other
2721,other
4594,other
2887,other
5040,other
8082,other
6141,other
2377,other
3438,other
6695,other
6585,other
155,other
2905,other
1965,other
8026,other
7560,other
7249,other
7761,other
7396,other
5213,other
5664,other
1210,other
3858,other
4480,other
2060,other
7136,other
1943,other
4927,other
2525,other
7213,other
1777,other
168,other
5102,other
2245,other
4888,other
2385,other
4670,other
5459,other
5361,other
5242,other
2087,other
7583,other
6151,other
4263,other
2469,event
4288,other
7883,other
8209,other
5746,other
6531,other
6504,other
6257,other
6065,other
3662,other
3280,other
8032,other
3187,other
6460,other
3839,other
7433,other
6618,other
3868,other
7999,other
3879,other
7339,other
213,event
93,other
2673,other
657,event
3082,other
3148,other
7660,other
1550,task
5236,other
4022,other
3744,other
5119,other
5782,other
860,event
7193,other
2441,task
7661,other
8106,other
952,other
1404,other
992,other
3262,other
5622,other
3482,other
2961,other
2537,other
7205,other
1545,task
1297,other
3682,other
54,other
999,other
5774,other
4265,other
7522,other
3801,other
1269,other
3166,other
8379,task
6215,other
1950,other
5688,other
7342,other
4029,other
1888,other
2621,other
3315,other
2615,other
6597,other
5306,other
4399,other
270,other
631,event
6446,other
4090,other
1330,other
456,event
5449,other
6630,other
5246,other
6699,other
6962,other
3622,other
5028,other
5150,other
1293,other
7169,other
5093,other
644,event
2692,other
8090,other
7542,other
1813,other
1017,other
4259,other
7454,other
3570,other
1908,other
5270,other
7442,other
7199,other
859,event
741,task
6390,other
6400,other
3232,other
5794,other
2619,other
6224,other
1031,other
6376,other
6885,other
4600,other
6971,other
5806,other
4690,other
7340,other
5104,other
3758,other
7246,other
6039,other
3158,other
5215,other
5445,other
5466,other
7843,other
666,event
5956,other
7543,other
7858,other
7240,other
8320,other
2142,other
4743,other
6628,other
4640,other
2030,other
5139,other
1994,other
1620,other
5547,other
647,event
7755,other
3145,other
1300,other
35,other
3095,other
454,event
5178,other
2715,other
5396,other
3663,other
6353,other
3806,other
5209,other
5421,other
2188,other
2930,other
5914,other
3272,other
7961,other
7050,other
102,other
7319,other
3065,other
5837,other
7604,other
5343,other
5739,other
3195,other
2491,task
2008,other
3603,other
7189,other
2950,other
8074,other
7078,other
4665,other
2746,other
8009,other
5701,other
240,other
7502,other
7236,other
5085,other
4564,other
4358,other
907,other
7821,other
758,event
2662,other
2677,other
3927,other
3591,other
1553,event
716,event
589,event
3140,other
4556,other
2228,other
4730,other
8363,task
4812,other
7464,other
6047,other
3504,other
6121,other
7411,other
3680,other
7461,other
2037,other
7308,other
248,other
22,other
7467,other
5982,other
5560,other
7462,other
7924,other
2205,other
107,other
1115,other
7407,other
5111,other
4574,other
807,event
3465,other
7512,other
2690,other
2555,other
3555,other
3551,other
1709,other
5940,other
397,event
2450,task
3123,other
4568,other
63,other
4472,other
8382,task
6488,other
4926,other
3288,other
2458,other
1731,other
8371,task
1163,other
7694,other
6319,other
4247,other
1427,other
1350,other
2804,other
1944,other
4825,other
4471,other
4315,other
5908,other
2289,other
1290,other
6262,other
4711,other
4762,other
7302,other
1385,other
5879,other
1321,other
5710,other
7835,other
7506,other
5216,other
1349,other
1136,other
2581,other
8093,other
3786,other
5507,other
5791,other
703,event
2402,task
6997,other
6710,other
7432,other
3110,other
7051,other
3017,other
6166,other
7515,other
7011,other
3852,other
7320,other
2098,other
1911,other
5006,other
1926,other
6665,other
1611,event
7006,other
3718,other
4432,other
1727,other
1802,other
3466,other
5424,other
4391,other
1534,other
3777,other
3676,other
7232,other
4307,other
7973,other
1212,other
3329,other
4578,other
6450,other
3449,other
4973,other
1341,other
3492,other
4523,other
6906,other
5470,other
4368,other
338,event
7192,other
1111,other
4528,other
3533,other
1674,other
973,other
4219,other
4669,other
3394,other
8219,other
2882,other
7859,other
2753,other
2542,other
6385,other
8267,other
5161,other
7003,other
1999,other
7526,other
3209,other
7879,other
5553,other
4278,other
1103,other
6954,other
8236,other
4706,other
2369,task
2511,task
7474,other
6154,other
2280,other
683,event
2061,other
1151,other
4823,other
4752,other
6287,other
2967,other
5337,other
8053,other
4422,other
6147,other
78,other
984,other
1783,other
3223,other
2601,other
6560,other
2989,other
4546,other
7928,other
146,other
7144,other
5966,other
8365,task
6970,other
6548,other
5124,other
6528,other
6870,other
2705,other
8031,other
7625,other
6610,other
4739,other
1131,other
7978,other
99,other
8169,other
7590,other
3396,other
6792,other
4874,other
349,event
677,event
4532,other
387,other
7346,other
6067,other
4493,other
3050,other
2823,other
2399,task
5549,other
699,event
6078,other
4839,other
3240,other
388,event
2412,event
6077,other
8105,other
5347,other
4018,other
2895,other
7417,other
491,event
2031,other
2356,other
8395,task
3837,other
3027,other
4668,other
6190,other
8321,other
2875,other
7372,other
6541,other
1809,other
6846,other
1830,other
4934,other
1241,other
3256,task
5300,other
7338,other
3888,other
7021,other
4863,other
6640,other
8383,task
6042,other
2119,other
1177,other
3812,other
1172,other
8119,other
2861,other
1141,other
6852,other
3375,other
5164,other
7082,other
2011,other
4339,other
3706,other
3778,other
8342,task
808,event
3278,other
5945,other
8322,other
6153,other
4951,other
284,other
1438,other
5074,other
7125,other
2152,other
5522,other
7139,other
2855,other
3917,other
2266,other
7250,other
5187,other
1889,other
2398,task
2668,other
623,event
4079,other
7568,other
4009,other
1816,other
7637,other
3001,other
218,other
5256,other
3124,other
6246,other
4084,other
3612,other
7969,other
8258,other
1445,other
6173,other
1409,other
7290,other
503,event
7056,other
4994,other
8262,other
881,other
676,event
8232,other
313,other
465,event
6532,other
6955,other
706,event
4869,other
8174,other
933,other
7623,other
2763,other
4401,other
6645,other
6043,other
5024,other
3901,other
3304,other
4198,other
1831,other
2415,other
6742,other
5012,other
4425,other
1901,other
5380,other
5512,other
6765,other
156,event
4810,other
7530,other
3853,other
2934,other
2758,other
1506,event
717,event
67,other
8241,other
4761,other
7498,other
4529,other
3421,other
1763,other
1227,other
2381,other
2406,other
452,event
3569,other
940,other
5721,other
6889,other
8212,other
7113,other
2,other
6060,other
8230,other
137,other
8083,other
5488,other
7014,other
4267,other
5996,other
7304,other
2367,other
5640,other
5021,other
3133,other
1795,other
5316,other
1265,other
6204,other
7713,other
8343,task
7067,other
2436,other
8272,other
4197,other
1422,other
4367,other
6412,other
7891,other
8216,other
4436,other
3626,other
6951,other
301,other
4258,other
6888,other
1750,other
6736,other
341,event
7263,other
2217,other
3327,other
4707,other
2526,other
8295,other
3721,other
290,other
7495,other
4323,other
8439,event
2560,other
2314,event
1091,other
2744,other
5838,other
330,event
908,other
4919,other
8089,other
4808,other
3134,other
4333,other
7181,other
4091,other
3797,other
7953,other
3878,other
3996,other
3545,other
3596,other
2045,other
5425,other
6089,other
5123,other
2717,other
2891,other
825,event
7602,other
4969,other
4507,other
1753,other
1125,other
7589,other
3241,other
8100,other
7819,other
4273,other
536,event
3096,other
4651,other
875,event
6134,other
1805,other
4482,other
2834,other
1832,other
4525,other
1678,other
5237,other
1812,task
307,other
719,event
5439,other
294,other
6554,other
279,other
1076,other
4683,other
847,event
6922,other
3383,other
5592,other
3484,other
5624,other
4527,other
3188,other
1762,other
3023,other
1719,other
7123,other
7607,other
5229,other
977,other
2160,other
6083,other
145,other
3422,other
3890,other
2670,other
5670,other
384,event
7438,other
2313,other
6361,other
4805,other
7053,other
2805,other
57,other
3029,other
590,event
3773,other
636,event
4327,other
7971,other
6011,other
1159,other
3652,other
7317,other
517,event
2206,other
1775,other
4388,other
6530,other
558,task
4898,other
3405,other
4349,other
3892,other
100,other
4672,other
1325,other
2751,other
3142,other
5163,other
216,task
4270,other
3377,other
8239,other
6305,other
5845,other
5595,other
3112,other
1838,other
3702,other
5654,other
7818,other
5518,other
7024,other
7157,other
7291,other
2927,other
1414,other
5525,other
3731,other
6942,other
656,event
5080,other
8184,other
4797,other
6511,other
2624,other
5355,other
4510,other
7887,other
4118,other
4905,other
6676,other
4223,other
2146,other
3819,other
4290,other
3784,other
6873,other
3233,other
7850,other
8136,other
5419,other
8043,other
6036,other
6374,other
6156,other
1194,other
5744,other
563,task
4702,other
7035,other
5584,other
1875,other
6164,other
1112,other
5204,other
7633,other
2287,other
5671,other
3400,other
630,event
5395,other
3204,other
7959,other
5809,other
5704,other
5245,other
840,other
4513,other
1147,other
6813,other
4430,other
2312,event
8354,task
1418,other
5309,other
3538,other
2607,other
407,event
3269,other
6160,other
4648,other
5895,other
7537,other
7553,other
7688,other
5448,other
4236,other
5465,other
6965,task
6589,other
5211,other
3709,other
1697,other
5972,other
504,event
2109,other
4667,other
3268,other
6762,other
1766,other
7508,other
3707,other
2139,other
5601,other
2676,other
6020,other
2915,other
7683,other
1100,other
2627,other
7357,other
2881,other
3156,other
186,other
7019,other
1758,other
8170,other
7107,other
4309,other
1069,other
4784,other
7301,other
1156,other
7087,other
6419,other
2290,other
6149,other
7109,other
5378,other
5036,other
6452,other
2982,other
1984,other
4601,other
5051,other
2671,other
7987,other
3826,other
5722,other
4343,other
7105,other
8246,other
2703,other
335,event
1150,other
4998,other
8003,other
5417,other
2257,event
7964,other
3935,other
6491,other
5939,other
2815,other
4360,other
5234,other
8264,other
3610,other
4475,other
8164,other
4304,other
4807,other
5878,other
3552,other
6825,other
2518,task
1084,other
5081,other
6533,other
7385,other
3165,other
6815,other
3363,other
3766,other
1855,other
601,event
4677,other
154,other
1153,other
3348,other
7549,other
5264,other
6264,other
1332,other
5352,other
2874,other
7196,other
1519,event
6007,other
1443,other
8038,other
6516,other
2459,event
2177,other
10,other
1658,other
2824,other
3227,other
7917,other
8112,other
8250,other
6984,other
6804,other
3537,other
1312,other
3277,other
4586,other
566,task
7956,other
7443,other
5831,other
4635,other
4362,other
6197,other
7237,other
6714,other
5011,other
5144,other
5262,other
236,other
5862,other
8202,other
5808,other
762,task
3179,other
6520,other
8296,other
8054,other
2081,other
2482,other
5130,other
634,event
6726,other
7559,other
874,event
4678,other
190,other
1201,other
1143,other
7472,other
4136,other
6861,other
459,event
6983,other
3260,other
4552,other
4958,other
1715,other
6653,other
5381,other
1790,other
2600,other
4989,other
3398,other
7070,other
5031,other
6337,other
8177,other
7764,other
4971,other
7145,other
3660,other
4801,other
5398,other
8218,other
7281,other
4498,other
1565,other
918,other
2498,other
2014,other
247,other
6525,other
652,event
7436,other
7264,other
1597,event
2222,other
1165,other
3728,other
8191,other
412,event
7068,other
6467,other
5199,other
2866,other
431,event
6399,other
2390,other
33,task
2471,other
6856,other
7203,other
3072,other
901,other
6308,other
1723,other
8049,other
7222,other
5125,other
781,task
4213,other
3063,other
6138,other
357,event
3900,other
815,event
6812,other
1371,other
2016,other
1861,other
4166,other
4102,other
1128,other
777,event
252,other
4134,other
3207,other
219,other
1398,other
3424,other
1186,other
3056,other
7100,other
268,other
4649,other
2229,event
3009,other
3378,other
6680,other
3316,other
1343,other
8145,other
6565,other
7209,other
7872,other
7952,other
4080,other
3159,other
4222,other
2166,other
6761,other
1684,other
8215,other
5924,other
4942,other
3480,other
6165,other
8203,other
685,event
7541,other
3531,other
5705,other
4530,other
2839,other
4092,other
3503,other
6931,other
6750,other
3790,other
1876,task
919,other
866,other
2389,event
2437,other
4628,other
5391,other
6887,other
7653,other
5874,other
2500,other
746,task
1338,other
283,other
6370,other
116,other
903,other
6677,other
8269,other
6070,other
3036,other
2931,other
8391,task
5839,other
6273,other
6211,other
1759,other
8330,task
702,event
7110,other
4082,other
4639,other
4791,other
7992,other
4756,other
8066,other
4376,other
2211,other
4794,other
507,event
3210,other
6401,other
1781,other
3803,other
354,event
1135,other
882,task
5303,other
5394,other
6596,other
7711,other
499,event
4847,other
91,other
2265,other
6752,other
2090,other
1699,other
3203,other
6793,other
3528,other
1482,event
6059,other
8129,other
3077,other
2538,other
5589,other
6522,other
8325,event
1288,other
789,task
8266,other
6953,other
2720,other
763,task
113,task
4855,other
2094,other
6203,other
6037,other
6777,other
6976,other
2185,other
1063,other
7875,other
7659,other
4975,other
448,event
7039,other
7276,other
5487,other
8242,other
6336,other
800,task
6764,other
556,event
5228,other
7780,other
5314,other
3581,other
5094,other
6796,other
3025,other
2195,other
6371,other
2810,other
1760,other
2547,other
3804,other
